case,date,descrip,lat,long
JD385886,10/02/2020 12:01:00 AM,ARSON,41.966646151,-87.778664567
JD332889,08/15/2020 12:02:00 AM,ARSON,41.900815705,-87.769250661
JD470346,12/26/2020 09:52:00 PM,ARSON,41.723696509,-87.607791365
JD364816,09/12/2020 07:52:00 AM,ARSON,41.893134362,-87.748904585
JD364751,09/12/2020 10:34:00 AM,ARSON,41.928371152,-87.779518087
JD364574,09/12/2020 05:45:00 AM,ARSON,41.708422727,-87.610142198
JD394465,10/09/2020 10:15:00 PM,ARSON,41.893572855,-87.721912357
JD394483,10/09/2020 10:15:00 PM,ARSON,41.893573109,-87.721960102
JD365659,09/13/2020 07:20:00 AM,ARSON,41.792012424,-87.798229342
JE157538,03/03/2021 06:10:00 AM,ARSON,41.941522892,-87.743971316
JD465984,12/22/2020 06:48:00 AM,ARSON,41.876721194,-87.694820165
JD366549,09/14/2020 04:13:00 AM,ARSON,41.911607553,-87.77404562
JE116952,01/19/2021 09:59:00 AM,ARSON,41.868296296,-87.699269325
JE188809,04/04/2021 12:30:00 AM,ARSON,41.651031295,-87.547161068
JD268742,06/19/2020 02:25:00 AM,ARSON,41.986392486,-87.656700734
JD395194,10/10/2020 04:56:00 PM,ARSON,41.802425216,-87.59151444
JD458564,12/14/2020 08:00:00 AM,ARSON,41.710037253,-87.628388444
JD395668,10/11/2020 04:54:00 AM,ARSON,41.752380946,-87.610114408
JE130701,02/02/2021 07:00:00 PM,ARSON,41.791102531,-87.6201486
JE118600,01/20/2021 11:10:00 PM,ARSON,41.76563691,-87.695039399
JE171597,03/17/2021 03:00:00 PM,ARSON,41.949202784,-87.705441654
JD389061,10/05/2020 07:00:00 AM,ARSON,41.980481946,-87.737492237
JD458585,12/14/2020 08:00:00 AM,ARSON,41.71016625,-87.628390697
JD356707,09/04/2020 08:45:00 PM,ARSON,41.80666709,-87.61558187
JD367634,09/15/2020 04:23:00 AM,ARSON,41.881166399,-87.757536733
JD397405,10/12/2020 07:10:00 PM,ARSON,41.750772111,-87.624538423
JD396572,10/12/2020 02:05:00 AM,ARSON,41.704863751,-87.613705019
JE118148,01/20/2021 02:51:00 AM,ARSON,41.867804916,-87.738212951
JE101863,01/03/2021 04:03:00 AM,ARSON,41.765819528,-87.660200043
JD459400,12/15/2020 02:32:00 AM,ARSON,41.754442135,-87.633638343
JD459303,12/14/2020 09:45:00 PM,ARSON,41.836273814,-87.642233578
JD398683,10/13/2020 11:30:00 PM,ARSON,41.904691771,-87.733741497
JE255495,06/06/2021 04:00:00 AM,ARSON,41.899796115,-87.717676539
JE172000,03/17/2021 11:12:00 PM,ARSON,41.673548279,-87.616795523
JD368503,09/15/2020 09:53:00 PM,ARSON,41.813278735,-87.633482568
JD399655,10/14/2020 08:25:00 PM,ARSON,41.756550472,-87.592600053
JD435988,11/19/2020 03:15:00 PM,ARSON,41.76586026,-87.599189956
JD339501,08/20/2020 07:45:00 PM,ARSON,42.003666167,-87.699803396
JE118154,01/20/2021 03:10:00 PM,ARSON,41.922797092,-87.780547396
JE144507,02/17/2021 12:01:00 AM,ARSON,42.009167912,-87.663019975
JE118794,01/21/2021 09:00:00 AM,ARSON,41.972364558,-87.656304974
JE119637,01/21/2021 11:31:00 PM,ARSON,41.96106209,-87.667723243
JE118693,01/21/2021 04:58:00 AM,ARSON,41.892319584,-87.711339316
JD460412,12/16/2020 05:30:00 AM,ARSON,41.87834831,-87.709256932
JD330409,08/12/2020 11:03:00 PM,ARSON,41.876748835,-87.747900918
JE108732,01/10/2021 11:15:00 AM,ARSON,41.88405495,-87.632427936
JD461127,12/16/2020 07:30:00 PM,ARSON,41.691876323,-87.611751836
JE118679,01/21/2021 03:25:00 AM,ARSON,41.877850151,-87.736342529
JD473282,12/30/2020 07:34:00 AM,ARSON,41.757570521,-87.641777522
JE100576,12/30/2020 09:01:00 AM,ARSON,41.833116625,-87.67903129
JD470529,12/27/2020 07:12:00 AM,ARSON,41.737575882,-87.619403786
JE159461,03/04/2021 09:58:00 PM,ARSON,41.87273456,-87.726337091
JE223589,05/08/2021 01:01:00 PM,ARSON,41.751173846,-87.569878279
JE158562,03/04/2021 12:22:00 AM,ARSON,41.775251772,-87.649528386
JD462141,12/17/2020 11:40:00 PM,ARSON,41.754746518,-87.559969959
JD388952,10/05/2020 12:05:00 AM,ARSON,41.924870416,-87.690676659
JD388951,10/04/2020 10:49:00 PM,ARSON,41.927551505,-87.690183049
JD474272,12/31/2020 08:35:00 AM,ARSON,41.877937797,-87.728964722
JD392367,10/08/2020 03:18:00 AM,ARSON,41.851926037,-87.693686723
JD438442,11/22/2020 06:23:00 AM,ARSON,41.977056099,-87.841539563
JE189861,04/05/2021 08:23:00 AM,ARSON,41.659193667,-87.55776584
JE119775,01/22/2021 07:30:00 AM,ARSON,41.898900854,-87.771618345
JD462264,12/18/2020 07:10:00 AM,ARSON,41.835327158,-87.641341059
JE101696,01/02/2021 09:32:00 PM,ARSON,41.679809448,-87.625870438
JE106282,01/07/2021 04:10:00 PM,ARSON,41.789803475,-87.647474288
JE102629,01/04/2021 04:19:00 AM,ARSON,41.955450727,-87.652373789
JD383760,09/30/2020 12:20:00 AM,ARSON,41.894884155,-87.761233398
JD368164,09/15/2020 03:45:00 PM,ARSON,41.844361092,-87.716442982
JD421368,11/05/2020 03:58:00 AM,ARSON,41.861718384,-87.71284742
JE107620,01/09/2021 05:35:00 AM,ARSON,41.696706807,-87.543785592
JD464180,12/20/2020 02:59:00 AM,ARSON,41.788077379,-87.702557537
JE189784,04/05/2021 02:05:00 AM,ARSON,41.712952747,-87.670523627
JE189715,04/05/2021 12:06:00 AM,ARSON,41.649455761,-87.543517616
JD464798,12/20/2020 08:04:00 PM,ARSON,41.908105086,-87.732592752
JD464812,12/20/2020 08:04:00 PM,ARSON,41.908039208,-87.732589696
JE121499,01/23/2021 09:27:00 PM,ARSON,41.758434033,-87.563935345
JD465730,12/21/2020 07:15:00 PM,ARSON,41.793810528,-87.654006786
JE240594,05/24/2021 02:00:00 AM,ARSON,41.778404375,-87.681046922
JE120789,01/23/2021 05:40:00 AM,ARSON,41.878717405,-87.738471571
JE121133,01/23/2021 12:23:00 AM,ARSON,41.778639666,-87.658122854
JE105537,01/06/2021 11:29:00 PM,ARSON,41.806998127,-87.621149727
JE131940,02/04/2021 04:54:00 AM,ARSON,41.755797128,-87.634426259
JD425617,11/09/2020 02:42:00 AM,ARSON,41.875806202,-87.750872705
JD388946,10/04/2020 11:06:00 PM,ARSON,41.922678588,-87.692785789
JD363356,09/11/2020 03:04:00 AM,ARSON,41.94042157,-87.765024018
JE172536,03/18/2021 02:55:00 PM,ARSON,41.751839536,-87.645287587
JE145526,02/19/2021 07:02:00 AM,ARSON,41.875489041,-87.716411772
JE108071,01/09/2021 03:59:00 PM,ARSON,41.973401006,-87.672165851
JD468109,12/23/2020 11:15:00 PM,ARSON,41.750535224,-87.612487858
JE121691,01/24/2021 05:38:00 AM,ARSON,41.679809448,-87.625870438
JD459274,12/14/2020 08:05:00 PM,ARSON,41.940391865,-87.767343558
JE240697,05/24/2021 07:20:00 AM,ARSON,41.778404375,-87.681046922
JE107511,01/09/2021 12:10:00 AM,ARSON,41.884640368,-87.729176985
JD383799,09/30/2020 01:25:00 AM,ARSON,41.718559011,-87.537701535
JD383800,09/30/2020 01:35:00 AM,ARSON,41.71411303,-87.536485442
JD376040,09/22/2020 08:35:00 PM,ARSON,41.707082916,-87.629944204
JD341934,08/23/2020 01:24:00 AM,ARSON,41.803086304,-87.670464763
JD333016,08/15/2020 02:31:00 AM,ARSON,41.70745842,-87.538915118
JD383786,09/30/2020 01:26:00 AM,ARSON,41.720515598,-87.536497921
JD383812,09/30/2020 01:35:00 AM,ARSON,41.709585083,-87.537698669
JE172106,03/18/2021 05:34:00 AM,ARSON,41.698467221,-87.532866763
JE108630,12/09/2020 08:30:00 AM,ARSON,41.696706807,-87.543785592
JE122414,01/24/2021 11:46:00 PM,ARSON,41.972364558,-87.656304974
JD455690,12/10/2020 10:25:00 PM,ARSON,41.892860829,-87.771068926
JD350113,08/30/2020 02:50:00 AM,ARSON,41.770687913,-87.576421392
JD390486,10/06/2020 12:13:00 PM,ARSON,41.713812865,-87.626061724
JD391107,10/06/2020 10:03:00 PM,ARSON,41.702445808,-87.618510837
JD390515,10/06/2020 12:43:00 PM,ARSON,41.708255032,-87.629543225
JD468947,12/25/2020 01:12:00 AM,ARSON,41.877583684,-87.683222911
JD377250,09/24/2020 12:07:00 AM,ARSON,41.788089835,-87.701827714
JD444375,11/28/2020 04:24:00 PM,ARSON,41.736711088,-87.663087144
JD375480,09/22/2020 11:45:00 AM,ARSON,41.862051574,-87.645590407
JD372334,09/16/2020 04:00:00 PM,ARSON,41.765517651,-87.567721526
JD444224,11/28/2020 04:30:00 PM,ARSON,41.736823619,-87.663089637
JD385220,10/01/2020 09:30:00 AM,ARSON,41.804203462,-87.673365444
JE106713,01/07/2021 05:30:00 PM,ARSON,41.816229907,-87.606696541
JE133936,02/06/2021 05:34:00 AM,ARSON,41.874223242,-87.736005434
JD355642,09/03/2020 10:43:00 PM,ARSON,41.793818131,-87.629290056
JE120651,01/22/2021 11:30:00 PM,ARSON,41.83339663,-87.717770196
JE207256,04/22/2021 10:40:00 PM,ARSON,41.785758794,-87.791336594
JD388156,10/04/2020 07:10:00 AM,ARSON,41.789074063,-87.704652563
JE190826,04/06/2021 05:18:00 AM,ARSON,41.675599058,-87.629800274
JE190774,04/06/2021 01:20:00 AM,ARSON,41.675257823,-87.638215633
JE134972,02/07/2021 02:00:00 AM,ARSON,41.717146527,-87.639452981
JD384679,09/30/2020 08:53:00 PM,ARSON,41.854855548,-87.651474466
JE146581,02/20/2021 02:07:00 AM,ARSON,41.764023607,-87.681900034
JE191645,04/06/2021 08:16:00 PM,ARSON,41.899976594,-87.720121179
JE123996,01/26/2021 05:30:00 AM,ARSON,41.972364558,-87.656304974
JE190832,04/06/2021 05:52:00 AM,ARSON,41.769347851,-87.674254365
JD458975,12/14/2020 03:31:00 PM,ARSON,41.874906302,-87.750374167
JE108759,01/10/2021 11:36:00 AM,ARSON,41.947109969,-87.720871721
JE161010,03/06/2021 03:08:00 PM,ARSON,41.786184976,-87.648598206
JE110136,01/11/2021 07:55:00 PM,ARSON,41.771435723,-87.636041807
JE227265,05/11/2021 11:15:00 PM,ARSON,41.838549393,-87.702418096
JE125193,01/27/2021 11:45:00 PM,ARSON,41.907309809,-87.713082085
JE148136,02/21/2021 05:45:00 PM,ARSON,41.879496951,-87.627083503
JE173901,03/19/2021 10:53:00 PM,ARSON,41.936966207,-87.796886988
JE182050,03/28/2021 07:00:00 AM,ARSON,41.756699466,-87.608647554
JE149548,01/16/2021 07:47:00 AM,ARSON,41.878229659,-87.626726587
JE149549,02/21/2021 01:28:00 PM,ARSON,41.877661886,-87.627665516
JD363391,09/11/2020 05:07:00 AM,ARSON,41.902698633,-87.723166088
JE125239,01/28/2021 01:50:00 AM,ARSON,41.941522892,-87.743971316
JE121773,01/24/2021 09:00:00 AM,ARSON,41.766128857,-87.672355549
JE256934,06/07/2021 11:35:00 AM,ARSON,41.661016233,-87.642570053
JE142135,02/15/2021 03:43:00 AM,ARSON,41.791763159,-87.657240734
JE191894,04/07/2021 02:45:00 AM,ARSON,41.874758212,-87.762411646
JD451021,12/06/2020 05:40:00 AM,ARSON,41.914495392,-87.727697758
JE112197,01/14/2021 05:59:00 AM,ARSON,41.689876476,-87.622000047
JD467367,12/23/2020 11:03:00 AM,ARSON,41.803765128,-87.655119329
JE149449,02/23/2021 02:37:00 AM,ARSON,41.994870554,-87.673415154
JE112960,01/14/2021 07:49:00 PM,ARSON,41.884625648,-87.766664532
JE136814,02/09/2021 12:00:00 PM,ARSON,41.876723264,-87.694698972
JE174743,03/20/2021 09:10:00 PM,ARSON,41.947851514,-87.755396798
JE143558,02/10/2021 05:24:00 AM,ARSON,41.791763159,-87.657240734
JE192936,04/07/2021 11:24:00 PM,ARSON,41.782062584,-87.68493666
JD280761,06/30/2020 04:57:00 AM,ARSON,41.732549247,-87.630237968
JE113345,01/15/2021 10:23:00 AM,ARSON,41.955233623,-87.748385375
JE226128,05/10/2021 08:30:00 PM,ARSON,41.75113362,-87.558946894
JD273212,06/23/2020 07:35:00 AM,ARSON,41.880686838,-87.728832326
JE207912,04/23/2021 01:15:00 AM,ARSON,41.764468432,-87.697125648
JE151060,02/24/2021 02:54:00 PM,ARSON,41.892661286,-87.686753867
JE146087,02/19/2021 03:00:00 PM,ARSON,41.860236084,-87.704198291
JE164317,03/09/2021 09:43:00 PM,ARSON,41.736855003,-87.6703915
JD381696,09/28/2020 04:51:00 AM,ARSON,41.812983316,-87.687038615
JD450933,12/06/2020 01:11:00 AM,ARSON,41.826913791,-87.621670187
JE163399,03/09/2021 01:21:00 AM,ARSON,41.876016906,-87.738441536
JE138208,02/10/2021 05:58:00 PM,ARSON,41.850773179,-87.640194606
JE164201,03/09/2021 06:15:00 PM,ARSON,41.736855003,-87.6703915
JD464995,12/21/2020 05:24:00 AM,ARSON,41.847010778,-87.723398251
JE164170,03/09/2021 06:36:00 PM,ARSON,41.869960349,-87.730548864
JE193918,04/08/2021 11:27:00 PM,ARSON,41.876466294,-87.660273952
JE193675,04/08/2021 06:05:00 PM,ARSON,41.878563206,-87.747983503
JE140031,02/12/2021 04:02:00 PM,ARSON,41.893679767,-87.75800467
JE174919,03/21/2021 03:20:00 AM,ARSON,41.860129545,-87.726214031
JE162334,03/08/2021 12:00:00 AM,ARSON,41.882279543,-87.762278595
JD368670,09/16/2020 02:31:00 AM,ARSON,41.765778056,-87.611334886
JE241886,05/25/2021 02:55:00 AM,ARSON,41.885291047,-87.66815409
JE227250,05/11/2021 11:02:00 PM,ARSON,41.876748835,-87.747900918
JE165840,03/11/2021 11:56:00 AM,ARSON,41.734354886,-87.581665988
JE166661,03/11/2021 06:00:00 PM,ARSON,42.009033578,-87.671079485
JE175877,03/22/2021 06:33:00 AM,ARSON,41.743240382,-87.60501372
JD368661,09/16/2020 01:20:00 AM,ARSON,41.797262841,-87.768542347
JE153733,02/27/2021 06:37:00 AM,ARSON,41.847737402,-87.701457979
JE226347,05/11/2021 06:50:00 AM,ARSON,41.961634451,-87.725398471
JE167410,03/12/2021 10:55:00 PM,ARSON,41.897578074,-87.702381037
JE162004,03/07/2021 04:05:00 PM,ARSON,41.703954619,-87.628191222
JE197886,04/13/2021 04:39:00 AM,ARSON,41.873538231,-87.716988633
JE176925,03/23/2021 12:25:00 AM,ARSON,41.941765823,-87.729983298
JE155577,03/01/2021 05:07:00 AM,ARSON,41.854328904,-87.730519471
JE154810,02/28/2021 07:35:00 AM,ARSON,41.886284525,-87.760300204
JE121500,01/23/2021 07:33:00 PM,ARSON,41.673689531,-87.628543613
JE177631,03/23/2021 04:40:00 PM,ARSON,41.767196349,-87.63342646
JE132801,02/04/2021 10:17:00 PM,ARSON,41.686312234,-87.633729027
JE176972,03/23/2021 03:41:00 AM,ARSON,41.903140345,-87.757144655
JE152918,01/17/2021 05:10:00 PM,ARSON,41.878223415,-87.62704979
JE156538,03/02/2021 12:01:00 AM,ARSON,41.852868298,-87.63091491
JE257859,06/08/2021 04:42:00 AM,ARSON,41.778287281,-87.686059909
JE196591,04/11/2021 07:40:00 PM,ARSON,41.825070351,-87.699574932
JE196016,04/11/2021 05:00:00 AM,ARSON,41.755008548,-87.730148696
JE169071,03/14/2021 09:00:00 PM,ARSON,41.653658798,-87.535383128
JE178914,03/24/2021 03:17:00 PM,ARSON,41.890988065,-87.621021833
JE178960,03/25/2021 01:54:00 AM,ARSON,41.901663577,-87.718958959
JD304506,07/20/2020 11:29:00 PM,ARSON,41.701104247,-87.617255022
JE169221,03/15/2021 03:04:00 AM,ARSON,41.901627904,-87.718959301
JE169226,03/15/2021 03:04:00 AM,ARSON,41.901737687,-87.718961922
JE169281,03/15/2021 07:12:00 AM,ARSON,41.748194489,-87.641530025
JE169225,03/15/2021 03:04:00 AM,ARSON,41.901608695,-87.718959485
JD304225,07/20/2020 05:30:00 PM,ARSON,41.913972106,-87.732563455
JE258922,06/08/2021 07:25:00 PM,ARSON,41.666981056,-87.634622762
JE171059,03/16/2021 11:30:00 PM,ARSON,41.898031667,-87.701028537
JE257806,06/08/2021 01:47:00 AM,ARSON,41.756057234,-87.654929158
JE196726,04/12/2021 12:20:00 AM,ARSON,41.9642344,-87.734499878
JE257959,06/08/2021 08:25:00 AM,ARSON,41.877993111,-87.72437056
JD274136,06/23/2020 09:51:00 PM,ARSON,41.789756316,-87.711514062
JE229504,05/14/2021 05:00:00 AM,ARSON,41.78414577,-87.666762284
JE210087,04/25/2021 10:30:00 PM,ARSON,41.709080121,-87.537697571
JE210170,04/26/2021 02:45:00 AM,ARSON,41.915669143,-87.737514969
JE228342,05/13/2021 12:15:00 AM,ARSON,41.68075847,-87.621785651
JD274317,06/24/2020 03:02:00 AM,ARSON,41.798330781,-87.703692919
JD274825,06/24/2020 01:43:00 PM,ARSON,41.88503407,-87.69393315
JE229568,05/13/2021 11:00:00 PM,ARSON,41.896590096,-87.771036216
JD335293,08/14/2020 02:00:00 PM,ARSON,41.774330666,-87.708484611
JE180173,03/26/2021 11:03:00 AM,ARSON,41.767829035,-87.650549297
JE198657,04/13/2021 07:27:00 PM,ARSON,41.778007599,-87.607135518
JE228435,05/13/2021 05:44:00 AM,ARSON,41.866125842,-87.728312353
JE181864,03/27/2021 11:34:00 PM,ARSON,41.869510752,-87.722842961
JE257667,06/07/2021 09:38:00 PM,ARSON,41.688064408,-87.6223129
JD334928,08/16/2020 09:00:00 PM,ARSON,41.749838557,-87.625794674
JD275167,06/24/2020 06:35:00 PM,ARSON,41.868418135,-87.720191573
JE163727,03/09/2021 12:00:00 PM,ARSON,41.736855003,-87.6703915
JE200485,04/15/2021 06:20:00 PM,ARSON,41.742710224,-87.634088181
JE222230,05/07/2021 04:05:00 AM,ARSON,41.872742184,-87.709326156
JE181933,03/28/2021 02:27:00 AM,ARSON,41.880480185,-87.746662406
JE182743,03/28/2021 11:50:00 PM,ARSON,41.821516342,-87.627537568
JE200104,04/15/2021 12:00:00 AM,ARSON,41.750131417,-87.549962192
JE143521,02/17/2021 04:35:00 AM,ARSON,41.748458232,-87.605159961
JE182966,03/29/2021 04:48:00 AM,ARSON,41.750054955,-87.63064798
JE183742,03/29/2021 10:36:00 PM,ARSON,41.929013417,-87.723231421
JE211261,04/27/2021 12:45:00 AM,ARSON,41.850552999,-87.712525898
JE245240,05/27/2021 09:35:00 PM,ARSON,41.752662035,-87.563824705
JE183900,03/30/2021 07:45:00 AM,ARSON,41.877016813,-87.731261005
JE184169,03/30/2021 12:25:00 PM,ARSON,41.770109113,-87.648171669
JE183825,03/30/2021 02:05:00 AM,ARSON,41.757400139,-87.599275389
JE183866,03/30/2021 05:50:00 AM,ARSON,41.952993184,-87.731175148
JE184786,03/30/2021 09:36:00 PM,ARSON,41.873850926,-87.762625338
JE201831,04/17/2021 07:01:00 AM,ARSON,41.764468432,-87.697125648
JE260242,06/09/2021 10:53:00 PM,ARSON,41.932630666,-87.691583692
JE231419,05/15/2021 08:50:00 PM,ARSON,41.773510439,-87.623943531
JE260161,06/09/2021 09:22:00 PM,ARSON,41.793557177,-87.674589483
JE185333,03/31/2021 01:48:00 PM,ARSON,41.851183731,-87.714986335
JD368678,09/16/2020 02:18:00 AM,ARSON,41.768310932,-87.684939523
JD349123,08/29/2020 07:59:00 AM,ARSON,41.902623812,-87.729257273
JE231552,05/16/2021 12:40:00 AM,ARSON,41.849341811,-87.700282365
JE149872,02/23/2021 12:35:00 PM,ARSON,41.79486342,-87.664608602
JE213569,04/29/2021 05:21:00 AM,ARSON,41.745299141,-87.603799525
JE231575,05/16/2021 01:14:00 AM,ARSON,41.926229636,-87.798994378
JE232492,05/16/2021 11:30:00 PM,ARSON,41.874857845,-87.737721597
JE245960,05/28/2021 10:47:00 AM,ARSON,41.882004418,-87.728897024
JE186769,04/02/2021 12:04:00 AM,ARSON,41.89765683,-87.726152565
JE232633,05/17/2021 06:35:00 AM,ARSON,41.86356331,-87.733659679
JE232770,05/17/2021 10:00:00 AM,ARSON,41.976413907,-87.653798082
JE181332,03/27/2021 12:00:00 PM,ARSON,41.987308297,-87.784013657
JE207293,04/23/2021 12:00:00 AM,ARSON,41.73964142,-87.567274171
JE103670,01/05/2021 07:22:00 AM,ARSON,41.969830479,-87.769304087
JD276280,06/25/2020 08:18:00 PM,ARSON,41.946790156,-87.68414133
JE187921,04/03/2021 06:34:00 AM,ARSON,41.743240382,-87.60501372
JE188841,04/03/2021 11:30:00 PM,ARSON,41.65320955,-87.53867094
JE188788,04/03/2021 11:41:00 PM,ARSON,41.652957528,-87.543515089
JE188680,04/03/2021 08:20:00 PM,ARSON,41.784245517,-87.714515274
JE195058,04/10/2021 03:39:00 AM,ARSON,41.793669876,-87.66370422
JE203504,04/19/2021 03:30:00 AM,ARSON,41.792195498,-87.604958508
JE203499,04/19/2021 03:18:00 AM,ARSON,41.996623885,-87.694726628
JE200360,04/15/2021 04:50:00 PM,ARSON,41.885684922,-87.749677587
JE233671,05/18/2021 12:00:00 AM,ARSON,41.868233931,-87.704898219
JE210112,04/25/2021 11:23:00 PM,ARSON,41.887313857,-87.722544953
JE233633,05/17/2021 10:40:00 PM,ARSON,41.900019065,-87.715246389
JE205137,04/20/2021 06:34:00 PM,ARSON,41.872630278,-87.718598203
JD276381,06/25/2020 10:45:00 PM,ARSON,41.931096211,-87.778957962
JE216505,05/01/2021 10:37:00 PM,ARSON,41.679772098,-87.629172776
JE248324,05/30/2021 09:57:00 PM,ARSON,41.861988669,-87.727492329
JE216627,05/02/2021 12:44:00 AM,ARSON,41.899641943,-87.714012153
JE216769,05/02/2021 03:30:00 AM,ARSON,41.894301538,-87.721156134
JD305165,07/21/2020 03:18:00 PM,ARSON,41.701007538,-87.618471838
JE229486,05/14/2021 02:51:00 AM,ARSON,41.925946342,-87.670436529
JE218821,05/03/2021 09:41:00 PM,ARSON,41.89046289,-87.747030156
JD306752,07/23/2020 12:45:00 AM,ARSON,41.872743642,-87.643838234
JE248553,05/31/2021 04:04:00 AM,ARSON,41.925044666,-87.723118572
JD444636,11/29/2020 05:20:00 AM,ARSON,41.772086985,-87.672877266
JE218925,05/04/2021 01:45:00 AM,ARSON,41.754728984,-87.561443469
JE236837,05/20/2021 08:35:00 PM,ARSON,41.707733327,-87.553406929
JE248565,05/31/2021 05:01:00 AM,ARSON,41.758110012,-87.6017156
JE248650,05/31/2021 08:54:00 AM,ARSON,41.721689256,-87.626539467
JE249200,05/31/2021 07:23:00 PM,ARSON,41.904157892,-87.747272225
JE213235,04/28/2021 06:08:00 PM,ARSON,41.793258435,-87.654852388
JD276824,06/26/2020 01:10:00 AM,ARSON,41.813788084,-87.691076661
JE237251,05/21/2021 12:00:00 AM,ARSON,41.896590096,-87.771036216
JD276958,06/26/2020 03:58:00 AM,ARSON,41.752271749,-87.608898923
JE249507,06/01/2021 01:39:00 AM,ARSON,41.908880902,-87.731391511
JE221093,05/06/2021 12:17:00 AM,ARSON,41.946697564,-87.775084408
JE221165,05/06/2021 02:35:00 AM,ARSON,41.853485391,-87.725638189
JE250582,06/01/2021 11:15:00 PM,ARSON,41.846991348,-87.719750256
JE250574,06/01/2021 11:11:00 PM,ARSON,41.84478445,-87.731060493
JE250252,06/01/2021 05:10:00 PM,ARSON,41.726705216,-87.661190969
JE249516,06/01/2021 01:39:00 AM,ARSON,41.908867182,-87.73139164
JE252138,06/03/2021 11:28:00 AM,ARSON,41.85177455,-87.704519796
JE222167,05/07/2021 12:20:00 AM,ARSON,41.75082153,-87.597906451
JE220232,05/06/2021 10:00:00 AM,ARSON,41.766196339,-87.635955586
JD305761,07/22/2020 04:55:00 AM,ARSON,41.873437053,-87.726330444
JE225217,05/10/2021 02:27:00 AM,ARSON,41.685418425,-87.613863172
JE225216,05/10/2021 02:27:00 AM,ARSON,41.685418425,-87.613863172
JE250702,06/02/2021 05:31:00 AM,ARSON,41.849222028,-87.69155551
JE238404,05/22/2021 07:35:00 AM,ARSON,41.779054245,-87.697597443
JE240529,05/23/2021 11:34:00 PM,ARSON,41.950526209,-87.760140588
JE240190,05/23/2021 05:01:00 PM,ARSON,41.795030396,-87.662182827
JE240292,05/23/2021 06:10:00 PM,ARSON,41.844361092,-87.716442982
JE240485,05/23/2021 10:25:00 PM,ARSON,41.899796783,-87.734408066
JE154738,02/28/2021 03:59:00 AM,ARSON,41.73688603,-87.666741917
JE251790,06/03/2021 12:22:00 AM,ARSON,41.781063001,-87.685306041
JE251816,06/03/2021 01:36:00 AM,ARSON,41.904241141,-87.694450526
JE253110,06/04/2021 06:03:43 AM,ARSON,41.657322709,-87.606147237
JD277962,06/27/2020 12:20:00 PM,ARSON,41.95117425,-87.69816187
JE253951,06/04/2021 08:13:00 AM,ARSON,41.722330572,-87.625063541
JE254326,06/05/2021 05:07:00 AM,ARSON,41.877018903,-87.73113614
JE254420,06/05/2021 12:00:00 AM,ARSON,41.910450828,-87.679248749
JD278863,06/27/2020 07:30:00 PM,ARSON,41.768759812,-87.64970364
JD277938,06/27/2020 11:05:00 AM,ARSON,41.942454389,-87.806908665
JD306715,07/22/2020 11:57:00 PM,ARSON,41.893130911,-87.749304956
JD269065,06/19/2020 11:00:00 AM,ARSON,41.866806968,-87.720137213
JD336263,08/18/2020 02:20:00 AM,ARSON,41.878363965,-87.76347748
JD337366,08/18/2020 11:34:00 PM,ARSON,41.817506771,-87.623054656
JD298935,07/16/2020 12:48:00 AM,ARSON,41.900871065,-87.770466032
JD306826,07/23/2020 03:40:00 AM,ARSON,41.880487595,-87.745964635000007
JD279612,06/29/2020 12:56:00 AM,ARSON,41.933662135,-87.644630512
JD279675,06/29/2020 03:40:00 AM,ARSON,41.926708343,-87.645098508
JD279716,06/29/2020 05:55:00 AM,ARSON,41.929726823,-87.654753189
JD306867,07/23/2020 06:30:00 AM,ARSON,41.819984929,-87.689653672
JD280915,06/29/2020 06:30:00 PM,ARSON,41.751270895,-87.658611313
JD336235,08/18/2020 01:00:00 AM,ARSON,41.774428535,-87.607054913
JD336429,08/18/2020 07:59:00 AM,ARSON,41.808434495,-87.62443501
JD261268,06/11/2020 06:08:00 PM,ARSON,41.673087456,-87.620362101
JD281871,07/01/2020 04:12:00 AM,ARSON,41.717611221,-87.600691678
JD281876,07/01/2020 04:35:00 AM,ARSON,41.813245806,-87.633482926
JD266787,06/17/2020 10:10:00 AM,ARSON,41.723340547,-87.625074428
JD307994,07/24/2020 06:25:00 AM,ARSON,41.771074666,-87.619699641
JD375236,08/31/2020 12:40:00 AM,ARSON,41.895533185,-87.754392187
JD322260,08/05/2020 10:45:00 PM,ARSON,41.700395881,-87.529243261
JD260422,06/11/2020 12:17:00 AM,ARSON,41.85471497,-87.707776218
JD284017,07/02/2020 11:40:00 PM,ARSON,41.882001306,-87.729348734
JD260399,06/11/2020 12:20:00 AM,ARSON,41.85471497,-87.707776218
JD309088,07/25/2020 03:12:00 AM,ARSON,41.819984929,-87.689653672
JD338443,08/19/2020 10:55:00 PM,ARSON,41.77767989,-87.662462752
JD341549,08/17/2020 09:00:00 PM,ARSON,41.892957122,-87.761118373
JD262285,06/12/2020 06:15:00 PM,ARSON,41.749530884,-87.554066548
JD337487,08/19/2020 06:10:00 AM,ARSON,41.86718783,-87.71644019
JD261522,06/12/2020 04:12:00 AM,ARSON,41.881172542,-87.758763179
JD285671,07/04/2020 01:22:00 PM,ARSON,41.898155638,-87.728630875
JD286182,07/04/2020 11:16:00 PM,ARSON,41.924858317,-87.691948212
JD285261,07/04/2020 02:45:00 AM,ARSON,41.897121818,-87.770341013
JD285345,07/04/2020 05:40:00 AM,ARSON,41.870957637,-87.682485983
JD287769,07/04/2020 03:30:00 PM,ARSON,41.917451928,-87.721673452
JD262571,06/13/2020 01:01:00 AM,ARSON,41.778981911,-87.702397368
JD263625,06/14/2020 05:56:00 AM,ARSON,41.895880347,-87.756849962
JD264470,06/15/2020 03:45:00 AM,ARSON,41.911369097,-87.699118761
JD338812,08/20/2020 10:39:00 AM,ARSON,41.884710837,-87.765022234
JD309219,07/25/2020 08:23:00 AM,ARSON,41.949953889,-87.649572294
JD311725,07/27/2020 01:00:00 AM,ARSON,41.690003214,-87.635058346
JD312341,07/27/2020 11:45:00 PM,ARSON,41.777073243,-87.650788543
JD267560,06/18/2020 12:06:00 AM,ARSON,41.91259723,-87.719074555
JD272328,06/15/2020 10:33:00 PM,ARSON,41.853450044,-87.633606409
JD339536,08/20/2020 08:43:00 PM,ARSON,41.840810968,-87.709001604
JD339618,08/20/2020 10:01:00 PM,ARSON,41.774507187,-87.602148844
JD268720,06/19/2020 02:16:00 AM,ARSON,41.753602854,-87.554387446
JD312471,07/28/2020 04:14:00 AM,ARSON,41.818571207,-87.684700579
JD290097,07/08/2020 08:54:00 AM,ARSON,41.732214483,-87.625328663
JD312717,07/28/2020 11:00:00 AM,ARSON,41.74797919,-87.575222388
JD269982,06/20/2020 05:58:00 AM,ARSON,41.900909501,-87.770469368
JD271034,06/20/2020 09:00:00 PM,ARSON,41.996386497,-87.786970585
JD269882,06/20/2020 01:50:00 AM,ARSON,41.745846742,-87.656040713
JD313408,07/28/2020 08:00:00 PM,ARSON,41.961559025,-87.753794883
JD313501,07/28/2020 11:00:00 PM,ARSON,41.833818353,-87.647378865
JD372845,09/19/2020 08:15:00 PM,ARSON,41.884807342,-87.75033191
JD272221,06/21/2020 10:31:00 PM,ARSON,41.787382824,-87.624388303
JD271060,06/21/2020 02:45:00 AM,ARSON,41.974327016,-87.657762544
JD291097,07/09/2020 02:25:00 AM,ARSON,41.815002096,-87.685884793
JD291210,07/09/2020 07:31:00 AM,ARSON,41.940031283,-87.645058176
JD291366,07/09/2020 06:00:00 AM,ARSON,41.782937259,-87.646095517
JD293239,07/10/2020 10:00:00 PM,ARSON,41.679049291,-87.62989814
JD345241,08/25/2020 09:26:00 PM,ARSON,41.762903213,-87.634605726
JD314754,07/30/2020 05:10:00 AM,ARSON,41.93226349,-87.644781536
JD348412,08/26/2020 09:13:00 PM,ARSON,41.874819427,-87.737721954
JD314766,07/30/2020 05:11:00 AM,ARSON,41.934403323,-87.64421459
JD293511,07/11/2020 05:05:00 AM,ARSON,41.810781716,-87.726144688
JD314724,07/30/2020 03:09:00 AM,ARSON,41.789359761,-87.670529189
JD340939,08/22/2020 02:44:00 AM,ARSON,41.800260898,-87.698865892
JD294416,07/12/2020 12:08:00 AM,ARSON,41.969825789,-87.657637278
JD294555,07/12/2020 03:18:00 AM,ARSON,41.7189736,-87.637078083
JD368545,09/15/2020 10:35:00 PM,ARSON,41.839804007,-87.627964177
JD315829,07/31/2020 01:27:00 AM,ARSON,41.802268681,-87.675747261
JD342558,08/22/2020 10:00:00 PM,ARSON,41.909910055,-87.771477752
JD315832,07/31/2020 01:19:00 AM,ARSON,41.813297943,-87.633482358
JD314753,07/30/2020 05:20:00 AM,ARSON,41.930953949,-87.646522872
JD295474,07/13/2020 02:15:00 AM,ARSON,41.894397868,-87.71506185
JD315876,07/31/2020 04:03:00 AM,ARSON,41.796894901,-87.667092274
JD315830,07/31/2020 01:20:00 AM,ARSON,41.882987002,-87.721668099
JD296791,07/14/2020 02:30:00 AM,ARSON,41.850060897,-87.68068649
JD297021,07/14/2020 11:30:00 AM,ARSON,41.897401921,-87.664939363
JD297058,07/14/2020 12:30:00 PM,ARSON,41.876955358,-87.736310466
JD307942,07/24/2020 03:07:00 AM,ARSON,41.805207623,-87.750426914
JD317102,08/01/2020 05:45:00 AM,ARSON,41.690003214,-87.635058346
JD298471,07/15/2020 04:06:00 PM,ARSON,41.771221074,-87.637301526
JD298902,07/15/2020 11:54:00 PM,ARSON,41.777848842,-87.593011267
JD282014,07/01/2020 07:30:00 AM,ARSON,41.939051438,-87.730438917
JD316962,08/01/2020 12:10:00 AM,ARSON,41.890844578,-87.716175894
JD337418,08/19/2020 12:50:00 AM,ARSON,41.885785757,-87.731465129
JD298959,07/16/2020 02:01:00 AM,ARSON,41.807210904,-87.604322622
JD298922,07/16/2020 12:55:00 AM,ARSON,41.921289382,-87.758521003
JD301063,07/17/2020 09:30:00 PM,ARSON,41.909528465,-87.714342757
JD304693,07/17/2020 10:00:00 PM,ARSON,41.94345324,-87.693930558
JD374497,09/21/2020 01:30:00 PM,ARSON,41.760096236,-87.572462808
JD374759,09/21/2020 02:30:00 PM,ARSON,41.813278735,-87.633482568
JD343051,08/24/2020 04:00:00 AM,ARSON,41.688972202,-87.697126827
JD301284,07/18/2020 02:10:00 AM,ARSON,41.729104897,-87.587966083
JD301368,07/18/2020 03:30:00 AM,ARSON,41.855937062,-87.717590804
JD301237,07/18/2020 01:20:00 AM,ARSON,41.884787691,-87.765025225
JD343053,08/24/2020 03:40:00 AM,ARSON,41.767886902,-87.656619053
JD321142,08/04/2020 11:34:00 PM,ARSON,41.871801547,-87.711975199
JD344272,08/25/2020 04:10:00 AM,ARSON,41.735119333,-87.64726867
JD344288,08/25/2020 05:58:00 AM,ARSON,41.78713416,-87.699714026
JD361317,09/09/2020 06:45:00 AM,ARSON,41.671276106,-87.653872863
JD346101,08/26/2020 04:30:00 PM,ARSON,41.744292039,-87.663286796
JD323377,08/06/2020 11:13:00 PM,ARSON,41.903962954,-87.764719291
JD346460,08/26/2020 10:41:00 PM,ARSON,41.93956712,-87.73828494
JD350255,08/19/2020 06:30:00 PM,ARSON,42.000647598,-87.680224185
JD325570,08/08/2020 09:52:00 PM,ARSON,41.825637232,-87.709383861
JD324857,08/08/2020 09:22:00 AM,ARSON,41.970599981,-87.714649091
JD346599,08/27/2020 04:22:00 AM,ARSON,41.859797272,-87.722549912
JD346516,08/27/2020 12:25:00 AM,ARSON,41.991012071,-87.698200016
JD314752,07/30/2020 05:00:00 AM,ARSON,41.916663225,-87.688370785
JD326809,08/10/2020 04:55:00 AM,ARSON,41.793086577,-87.693780677
JD327911,08/11/2020 01:58:00 AM,ARSON,41.741365182,-87.715425477
JD305144,07/21/2020 02:33:00 PM,ARSON,41.761041261,-87.623201216
JD338501,08/19/2020 11:53:00 PM,ARSON,41.793834595,-87.629289876
JD329221,08/12/2020 12:50:00 AM,ARSON,41.705597165,-87.534078384
JD349237,08/29/2020 10:34:00 AM,ARSON,41.783166055,-87.660172635
JD332812,08/14/2020 10:15:00 PM,ARSON,41.770750249,-87.582575602
JD350141,08/30/2020 03:17:00 AM,ARSON,41.883242868,-87.735866347
JD350063,08/30/2020 01:10:00 AM,ARSON,41.804970888,-87.664184408
JD350120,08/30/2020 03:00:00 AM,ARSON,41.751214876,-87.571098146
JD350207,08/30/2020 05:20:00 AM,ARSON,41.85148902,-87.728512702
JD352222,08/31/2020 09:57:00 PM,ARSON,41.740876999,-87.732560066
JD295883,07/13/2020 12:20:00 PM,ARSON,41.933108935999996,-87.697642865
JD344146,08/24/2020 11:08:00 PM,ARSON,41.766150774,-87.627594888
JD352427,09/01/2020 05:10:00 AM,ARSON,41.861884451,-87.731157023
JD353441,09/01/2020 10:20:00 PM,ARSON,41.987819537,-87.655317304
JD367594,09/14/2020 11:45:00 PM,ARSON,41.995376421,-87.7154944
JD279691,06/29/2020 04:25:00 AM,ARSON,41.926943028,-87.650854357
JD380697,09/27/2020 05:08:00 AM,ARSON,41.784833656000004,-87.622212733
JD381192,09/27/2020 10:00:00 AM,ARSON,41.782266303,-87.663052917
JD381373,09/27/2020 06:36:00 PM,ARSON,41.770897,-87.572760419
JD314739,07/30/2020 04:37:00 AM,ARSON,41.757849252,-87.601707567
JD286405,07/05/2020 02:41:00 AM,ARSON,41.940026699,-87.645208922
JD354609,09/03/2020 03:07:00 AM,ARSON,41.815036186,-87.689508802
JD360746,09/08/2020 03:15:00 PM,ARSON,41.808695297,-87.619575695
JD279599,06/29/2020 12:30:00 AM,ARSON,41.930371008,-87.647705116
JD346042,08/23/2020 10:15:00 PM,ARSON,41.915584355,-87.684891228
JD379621,09/26/2020 03:13:00 AM,ARSON,41.920197968,-87.733985841
JD383413,09/29/2020 04:55:00 PM,ARSON,41.78632149,-87.655886218
JD382752,09/29/2020 01:33:00 AM,ARSON,41.864063293,-87.659042047
JD309443,07/25/2020 12:13:00 PM,ARSON,41.736269116,-87.627768243
JD272162,06/21/2020 10:56:00 PM,ARSON,41.852829615,-87.633569125
JD272488,06/21/2020 11:10:00 PM,ARSON,41.852827586,-87.633686604
JD357392,09/05/2020 12:00:00 AM,ARSON,41.944011604,-87.770156585
JD357932,09/05/2020 10:39:00 PM,ARSON,41.869173601,-87.770182447
JD272301,06/21/2020 10:58:00 PM,ARSON,41.852153522,-87.633403981
JD358010,09/06/2020 12:11:00 AM,ARSON,41.918993235,-87.773113992
JD358728,09/06/2020 04:19:00 PM,ARSON,41.849124655,-87.711266107
JD384578,09/30/2020 06:50:00 PM,ARSON,41.896497242,-87.738446177
JD381479,09/27/2020 06:53:00 PM,ARSON,41.753561435,-87.551925162
JD349304,08/29/2020 11:48:00 AM,ARSON,41.902691609,-87.765674633
JD359295,09/07/2020 07:30:00 AM,ARSON,41.778290666,-87.699463788
JD359404,09/07/2020 10:15:00 AM,ARSON,41.778309875,-87.699463599
JD359464,09/07/2020 11:20:00 AM,ARSON,41.793509418,-87.789170024
JD359192,09/07/2020 02:04:00 AM,ARSON,41.893693999,-87.667222147
JD361220,09/08/2020 11:38:00 PM,ARSON,41.793471298,-87.631809508
JD361701,09/09/2020 02:04:00 PM,ARSON,41.866843668,-87.625816668
JD362477,09/10/2020 09:45:00 AM,ARSON,41.749500236,-87.601142743
JD386968,10/03/2020 01:30:00 AM,ARSON,41.906421469,-87.750965538
JD390483,10/06/2020 12:13:00 PM,ARSON,41.71383404,-87.627273814
JD390467,10/06/2020 11:48:00 AM,ARSON,41.707792707,-87.62353483
JD392170,10/07/2020 08:16:00 PM,ARSON,41.906156234,-87.734609455
JD337224,08/18/2020 08:20:00 PM,ARSON,41.90389992,-87.693296789
JD452331,12/02/2020 11:54:00 PM,ARSON,41.785940381,-87.664374999
JD402802,10/17/2020 09:45:00 PM,ARSON,41.858200139,-87.729822365
JD442897,11/26/2020 12:56:00 PM,ARSON,41.729704504,-87.64952073
JD416960,10/31/2020 07:14:00 PM,ARSON,41.752426519,-87.580887139
JD443645,11/28/2020 12:29:00 AM,ARSON,41.894213896,-87.708955588
JD406718,10/21/2020 05:55:00 PM,ARSON,42.007317814,-87.778068559
JD414628,10/29/2020 03:44:00 PM,ARSON,41.773477509,-87.623943894
JD448994,12/03/2020 11:56:00 PM,ARSON,41.710235733,-87.627192332
JD408043,10/22/2020 11:03:00 PM,ARSON,41.736148121,-87.629070243
JD403044,10/18/2020 05:44:00 AM,ARSON,41.673227335,-87.657596836
JD428469,11/11/2020 04:24:00 PM,ARSON,41.804895396,-87.634454079
JD426548,11/09/2020 08:00:00 PM,ARSON,41.874628587,-87.683788939
JD454766,12/10/2020 02:23:00 AM,ARSON,41.874736479,-87.745055287
JD441285,11/24/2020 12:00:00 PM,ARSON,41.760832171,-87.640646583
JD422547,11/06/2020 12:30:00 AM,ARSON,41.972101049,-87.654899332
JD412912,10/27/2020 08:40:00 PM,ARSON,41.952754728,-87.805393848
JD403631,10/18/2020 05:44:00 AM,ARSON,41.673227335,-87.657596836
JD410226,10/25/2020 02:05:00 AM,ARSON,41.725447728,-87.620120529
JD429818,11/13/2020 05:18:00 AM,ARSON,41.906808533,-87.755881007
JD414892,10/29/2020 08:41:00 PM,ARSON,41.858205234,-87.718879537
JD443698,11/28/2020 02:36:00 AM,ARSON,41.77679823,-87.684795381
JD405891,10/21/2020 03:30:00 AM,ARSON,41.763106179,-87.662676898
JD414930,10/29/2020 10:06:00 PM,ARSON,41.873850926,-87.762625338
JD449066,12/04/2020 04:48:00 AM,ARSON,41.737846313,-87.646664403
JD430385,11/13/2020 03:30:00 PM,ARSON,41.780839923,-87.699926317
JD443468,11/27/2020 05:57:00 PM,ARSON,41.878559028,-87.748240581
JD431750,11/15/2020 03:35:00 AM,ARSON,41.835261823,-87.651987052
JD434536,11/18/2020 05:50:00 AM,ARSON,41.651311414,-87.548394422
JD414756,10/27/2020 06:20:00 AM,ARSON,41.959674869,-87.732656443
JD433344,11/16/2020 07:05:00 PM,ARSON,41.715798057,-87.620457977
JD410604,10/25/2020 02:05:00 PM,ARSON,41.814213918,-87.62621278
JD420134,11/03/2020 09:55:00 PM,ARSON,41.952754728,-87.805393848
JD442084,11/25/2020 10:57:00 PM,ARSON,41.777848842,-87.593011267
JD406755,10/21/2020 08:01:00 PM,ARSON,41.96527944,-87.686358401
JD426741,11/10/2020 03:07:00 AM,ARSON,41.714985723,-87.536485651
JD438407,11/22/2020 04:00:00 AM,ARSON,41.803178185,-87.63321839
JD453769,12/09/2020 04:28:00 AM,ARSON,41.80207485,-87.680737223
JD401840,10/16/2020 11:13:00 PM,ARSON,41.869326623,-87.747557439
JD437984,11/21/2020 11:49:00 AM,ARSON,41.846623381,-87.683775016
JD412903,10/27/2020 08:07:00 PM,ARSON,41.768015898,-87.656621363
JD443557,11/27/2020 09:48:00 PM,ARSON,41.652218235,-87.618839566
JD414050,10/29/2020 04:30:00 AM,ARSON,41.78829156,-87.653507695
JD414735,10/29/2020 05:40:00 PM,ARSON,41.773497429,-87.622726562
JD432114,11/15/2020 02:56:00 PM,ARSON,41.885364685,-87.73649292
JD453733,12/09/2020 01:01:00 AM,ARSON,41.900256217,-87.690464371
JD447134,12/01/2020 12:18:00 AM,ARSON,41.889429498,-87.671978431
JD440156,11/24/2020 12:22:00 AM,ARSON,41.758326155,-87.584574985
JD417341,11/01/2020 03:29:00 AM,ARSON,41.689146849,-87.655665561
JD454698,12/09/2020 11:03:00 PM,ARSON,41.782484123,-87.711547664
JD455646,12/10/2020 09:07:00 PM,ARSON,41.835926135,-87.724329163
JD409314,10/24/2020 07:00:00 AM,ARSON,41.748823072,-87.590559766
JD442568,11/26/2020 05:31:00 PM,ARSON,41.777848842,-87.593011267
JD414936,10/29/2020 10:05:00 PM,ARSON,41.860377234,-87.70793395
JD416052,10/30/2020 10:57:00 PM,ARSON,41.773480964,-87.622726744
JD410654,10/25/2020 03:06:00 PM,ARSON,41.786055415,-87.672873257
JD417306,11/01/2020 02:30:00 AM,ARSON,41.908266131,-87.765871388
JD440186,11/24/2020 02:43:00 AM,ARSON,41.795643979,-87.633029017
JD429681,11/12/2020 09:03:00 PM,ARSON,41.780946398,-87.621995369
JD425562,11/09/2020 12:05:00 AM,ARSON,41.85318973,-87.702861527
JD401947,10/17/2020 03:07:00 AM,ARSON,41.870061657,-87.704406691
JD426626,11/09/2020 09:32:00 PM,ARSON,41.852462072,-87.712353277
JD432354,11/15/2020 08:10:00 PM,ARSON,41.944148316,-87.816738454
JD428823,11/12/2020 04:05:00 AM,ARSON,41.881730836,-87.626203285
JD419957,11/03/2020 05:33:00 PM,ARSON,41.910800166,-87.745899903
JD416077,10/30/2020 10:11:00 PM,ARSON,41.772154628,-87.623478234
JD417114,10/31/2020 10:30:00 PM,ARSON,41.734147382,-87.633089263
JD450580,12/01/2020 10:00:00 AM,ARSON,41.678107421,-87.61736359
JD407014,10/22/2020 06:23:00 AM,ARSON,41.866401642,-87.772934561
JD426004,11/09/2020 12:34:00 PM,ARSON,41.773480964,-87.622726744
JD410308,10/25/2020 06:50:00 AM,ARSON,41.855727252,-87.68398023
JD425437,11/08/2020 09:01:00 PM,ARSON,41.774932424,-87.671377974
JD403035,10/18/2020 06:19:00 AM,ARSON,41.878030398,-87.721575832
JD421216,11/04/2020 09:47:00 PM,ARSON,41.67338769,-87.635746742
JD405873,10/21/2020 02:20:00 AM,ARSON,41.777991657,-87.706487624
JD444656,11/29/2020 06:11:00 AM,ARSON,42.011299722,-87.693726174
JD444476,11/28/2020 09:59:00 PM,ARSON,41.886275336,-87.765078145
JD418212,11/01/2020 09:20:00 AM,ARSON,41.861849632,-87.736050861
JD450833,12/05/2020 09:43:00 PM,ARSON,41.959841919,-87.731018756
JD442215,11/26/2020 04:23:00 AM,ARSON,41.844165808,-87.730835082
JD429798,11/13/2020 02:40:00 AM,ARSON,41.751598173,-87.576773971
JD438990,11/22/2020 05:40:00 PM,ARSON,41.877262955,-87.7120398
JD427740,11/10/2020 08:32:00 PM,ARSON,41.804802163,-87.683067935
JD439485,11/23/2020 12:18:00 PM,ARSON,41.911073717,-87.641317083
JD453677,12/08/2020 10:32:00 PM,ARSON,41.869181708,-87.701580943
